2026-06-01_15-02-57,0,main.go:2026-06-01_15-02-57
2026-06-01_16-19-07,0,main.go:2026-06-01_16-19-07
2026-06-01_16-19-24,0,main.go:2026-06-01_16-19-07
2026-06-01_16-19-36,16,main.go:2026-06-01_16-19-36
2026-06-01_16-24-26,16,main.go:2026-06-01_16-24-26
2026-06-01_16-24-39,16,main.go:2026-06-01_16-24-39
2026-06-01_16-24-50,50,main.go:2026-06-01_16-24-50
2026-06-01_16-33-55,50,main.go:2026-06-01_16-33-55
2026-06-01_16-34-14,50,main.go:2026-06-01_16-34-14
2026-06-01_16-34-25,50,main.go:2026-06-01_16-34-25
2026-06-01_16-34-40,66,main.go:2026-06-01_16-34-40
2026-06-01_22-10-04,66,main.go:2026-06-01_16-34-40
2026-06-01_22-34-16,83,main.go:2026-06-01_22-34-16
2026-06-01_22-34-22,66,main.go:2026-06-01_22-34-22
2026-06-01_22-34-35,83,main.go:2026-06-01_22-34-35
2026-06-01_22-35-35,83,main.go:2026-06-01_22-34-35
2026-06-01_22-42-32,100,main.go:2026-06-01_22-42-32
2026-06-01_22-42-52,100,main.go:2026-06-01_22-42-52
2026-06-01_22-43-01,100,main.go:2026-06-01_22-43-01
2026-06-01_22-43-14,100,main.go:2026-06-01_22-43-14
2026-06-01_22-43-21,100,main.go:2026-06-01_22-43-21
2026-06-01_22-43-39,83,main.go:2026-06-01_22-43-39
2026-06-01_22-43-47,100,main.go:2026-06-01_22-43-47
2026-06-01_22-43-56,83,main.go:2026-06-01_22-43-56
2026-06-01_22-44-02,100,main.go:2026-06-01_22-44-02
2026-06-16_10-22-52,100,main.go:2026-06-01_22-44-02
