2026-05-29_16-15-02,0,shell.go:2026-05-29_16-15-02
2026-06-07_20-45-35,0,shell.go:2026-05-29_16-15-02
2026-06-07_21-08-40,0,shell.go:2026-06-07_21-08-40
2026-06-07_21-09-41,0,shell.go:2026-06-07_21-09-41
2026-06-07_21-13-38,0,shell.go:2026-06-07_21-13-38
2026-06-07_21-14-07,0,shell.go:2026-06-07_21-14-07
2026-06-07_21-14-38,0,shell.go:2026-06-07_21-14-38
2026-06-07_21-16-26,12,shell.go:2026-06-07_21-16-26
2026-06-07_21-48-12,25,shell.go:2026-06-07_21-48-12
2026-06-07_22-21-31,0,shell.go:2026-06-07_22-21-31
2026-06-07_22-25-58,0,shell.go:2026-06-07_22-21-31
2026-06-07_22-26-07,37,shell.go:2026-06-07_22-26-07
2026-06-07_22-43-43,50,shell.go:2026-06-07_22-43-43
2026-06-07_22-44-09,0,shell.go:2026-06-07_22-44-09
2026-06-07_22-46-10,50,shell.go:2026-06-07_22-46-10
2026-06-07_22-53-13,0,shell.go:2026-06-07_22-53-13
2026-06-07_22-53-21,0,shell.go:2026-06-07_22-53-21
2026-06-07_22-53-36,0,shell.go:2026-06-07_22-53-21
2026-06-07_22-53-54,0,shell.go:2026-06-07_22-53-54
2026-06-07_23-00-46,62,shell.go:2026-06-07_23-00-46
2026-06-07_23-13-09,0,shell.go:2026-06-07_23-13-09
2026-06-07_23-15-27,0,shell.go:2026-06-07_23-15-27
2026-06-07_23-15-44,0,shell.go:2026-06-07_23-15-27
2026-06-07_23-15-57,62,shell.go:2026-06-07_23-15-57
2026-06-07_23-21-27,75,shell.go:2026-06-07_23-21-27
2026-06-07_23-31-08,87,shell.go:2026-06-07_23-31-08
2026-06-07_23-37-31,0,shell.go:2026-06-07_23-37-31
2026-06-07_23-40-58,0,shell.go:2026-06-07_23-37-31
2026-06-07_23-41-17,0,shell.go:2026-06-07_23-37-31
2026-06-07_23-41-23,100,shell.go:2026-06-07_23-41-23
