2026-03-22_09-51-03,---,draft.go:2026-03-22_09-51-03
2026-03-22_10-11-22,---,draft.go:2026-03-22_09-51-03
2026-03-22_10-13-34,0,draft.go:2026-03-22_10-13-34
2026-03-22_10-13-34,0,draft.go:2026-03-22_10-13-34
2026-03-22_10-26-44,0,draft.go:2026-03-22_10-26-44
2026-03-22_10-29-19,0,draft.go:2026-03-22_10-29-19
2026-03-22_10-29-37,0,draft.go:2026-03-22_10-29-37
2026-03-22_10-30-06,0,draft.go:2026-03-22_10-30-06
2026-03-22_10-30-23,0,draft.go:2026-03-22_10-30-23
2026-03-22_10-30-45,0,draft.go:2026-03-22_10-30-45
2026-03-22_10-30-53,0,draft.go:2026-03-22_10-30-53
2026-03-22_10-35-56,50,draft.go:2026-03-22_10-35-56
2026-03-22_10-37-18,100,draft.go:2026-03-22_10-37-18
