2026-05-05_18-15-21,0,draft.go:2026-05-05_18-15-21
2026-05-05_18-15-24,---,draft.go:2026-05-05_18-15-21
2026-05-05_18-15-47,---,draft.go:2026-05-05_18-15-47
2026-05-05_18-18-34,---,draft.go:2026-05-05_18-18-34
2026-05-05_18-35-55,0,draft.go:2026-05-05_18-35-55
2026-05-05_18-35-56,0,draft.go:2026-05-05_18-35-55
2026-05-05_18-35-57,0,draft.go:2026-05-05_18-35-55
2026-05-05_18-37-02,0,draft.go:2026-05-05_18-37-02
2026-05-05_18-41-53,0,draft.go:2026-05-05_18-41-53
2026-05-05_18-42-18,0,draft.go:2026-05-05_18-41-53
2026-05-05_18-43-30,0,draft.go:2026-05-05_18-43-30
2026-05-05_18-46-16,0,draft.go:2026-05-05_18-46-16
2026-05-05_18-46-53,0,draft.go:2026-05-05_18-46-53
2026-05-05_18-47-06,0,draft.go:2026-05-05_18-46-53
2026-05-05_18-47-13,0,draft.go:2026-05-05_18-47-13
2026-05-05_18-49-41,16,draft.go:2026-05-05_18-49-41
2026-05-05_18-58-04,66,draft.go:2026-05-05_18-58-04
2026-05-05_18-59-15,66,draft.go:2026-05-05_18-58-04
2026-05-05_19-05-21,66,draft.go:2026-05-05_18-58-04
2026-05-05_19-13-30,100,draft.go:2026-05-05_19-13-30
2026-05-05_19-13-42,100,draft.go:2026-05-05_19-13-42
2026-05-05_19-13-44,100,draft.go:2026-05-05_19-13-42
