2026-03-14_19-11-31,0,draft.go:2026-03-14_19-11-31
2026-03-14_19-27-10,---,draft.go:2026-03-14_19-11-31
2026-03-14_19-28-00,0,draft.go:2026-03-14_19-11-31
2026-03-14_19-28-16,0,draft.go:2026-03-14_19-11-31
2026-03-14_19-28-46,0,draft.go:2026-03-14_19-11-31
2026-03-14_19-31-14,---,draft.go:2026-03-14_19-31-14
2026-03-14_19-31-39,100,draft.go:2026-03-14_19-31-14
2026-03-14_19-34-51,100,draft.go:2026-03-14_19-31-14
2026-03-14_19-35-04,100,draft.go:2026-03-14_19-31-14
2026-03-14_20-20-19,100,draft.go:2026-03-14_19-31-14
2026-03-14_20-20-49,100,draft.go:2026-03-14_19-31-14
2026-03-17_10-31-41,0,draft.go:2026-03-14_19-31-14;draft.go:2026-03-17_10-31-41;draft.go:2026-03-17_10-31-41;draft.go:2026-03-17_10-31-41
2026-03-17_10-31-46,0,draft.go:2026-03-17_10-31-46;draft.go:2026-03-17_10-31-46;draft.go:2026-03-17_10-31-46;draft.go:2026-03-17_10-31-46
2026-04-06_22-38-00,100,draft.go:2026-04-06_22-38-00
