2026-03-15_12-14-06,---,draft.go:2026-03-15_12-14-06
2026-03-15_12-14-16,---,draft.go:2026-03-15_12-14-16
2026-03-15_12-21-52,---,draft.go:2026-03-15_12-21-52
2026-03-15_12-38-44,0,draft.go:2026-03-15_12-38-44
2026-03-15_12-39-09,0,draft.go:2026-03-15_12-39-09
2026-03-15_12-40-16,0,draft.go:2026-03-15_12-40-16
2026-03-15_12-47-15,0,draft.go:2026-03-15_12-47-15
2026-03-15_12-48-40,0,draft.go:2026-03-15_12-48-40
2026-03-15_12-49-58,0,draft.go:2026-03-15_12-49-58
2026-03-15_12-50-48,41,draft.go:2026-03-15_12-50-48
2026-03-15_18-01-13,41,draft.go:2026-03-15_12-50-48
2026-03-15_18-02-30,58,draft.go:2026-03-15_18-02-30
2026-03-15_18-05-02,41,draft.go:2026-03-15_18-05-02
2026-03-15_18-13-12,100,draft.go:2026-03-15_18-13-12
2026-03-15_18-16-40,---,draft.go:2026-03-15_18-13-12
2026-04-06_22-38-05,100,draft.go:2026-04-06_22-38-05
2026-04-06_22-38-06,100,draft.go:2026-04-06_22-38-05
