2026-03-17_11-30-53,---,draft.go:2026-03-17_11-30-53
2026-03-18_21-13-51,0,draft.go:2026-03-18_21-13-51
2026-03-18_21-13-57,---,draft.go:2026-03-18_21-13-51
2026-03-18_21-16-57,---,draft.go:2026-03-18_21-16-57
2026-03-18_21-18-17,---,draft.go:2026-03-18_21-16-57
2026-03-18_21-20-37,---,draft.go:2026-03-18_21-20-37
2026-03-18_21-34-46,0,draft.go:2026-03-18_21-20-37
2026-03-18_21-59-29,0,draft.go:2026-03-18_21-20-37
2026-03-18_22-04-15,0,draft.go:2026-03-18_21-20-37
2026-03-18_22-15-22,100,draft.go:2026-03-18_22-15-22
