2026-06-01_14-34-45,0,main.go:2026-06-01_14-34-45
2026-06-01_14-35-21,0,main.go:2026-06-01_14-35-21
2026-06-01_14-35-31,0,main.go:2026-06-01_14-35-31
2026-06-01_14-35-38,0,main.go:2026-06-01_14-35-31
2026-06-01_14-36-11,0,main.go:2026-06-01_14-36-11
2026-06-01_14-36-23,33,main.go:2026-06-01_14-36-23
2026-06-01_14-42-47,0,main.go:2026-06-01_14-42-47
2026-06-01_14-43-39,66,main.go:2026-06-01_14-43-39
2026-06-01_14-56-22,66,main.go:2026-06-01_14-43-39
2026-06-01_14-56-30,0,main.go:2026-06-01_14-56-30
2026-06-01_14-57-33,0,main.go:2026-06-01_14-57-33
2026-06-01_14-57-43,100,main.go:2026-06-01_14-57-43
