2026-07-05_20-37-25,0,main.go:2026-07-05_20-37-25
2026-07-05_21-00-02,0,main.go:2026-07-05_21-00-02
2026-07-05_21-14-48,0,main.go:2026-07-05_21-14-48
2026-07-05_21-18-50,0,main.go:2026-07-05_21-18-50
2026-07-05_21-32-18,0,main.go:2026-07-05_21-32-18
2026-07-05_21-32-31,0,main.go:2026-07-05_21-32-31
2026-07-05_21-33-13,0,main.go:2026-07-05_21-33-13
2026-07-05_21-34-01,0,main.go:2026-07-05_21-34-01
2026-07-05_21-34-33,0,main.go:2026-07-05_21-34-33
2026-07-05_21-34-54,0,main.go:2026-07-05_21-34-54
2026-07-05_21-36-26,0,main.go:2026-07-05_21-36-26
2026-07-05_21-38-10,0,main.go:2026-07-05_21-38-10
2026-07-05_21-39-43,0,main.go:2026-07-05_21-39-43
2026-07-05_21-46-21,33,main.go:2026-07-05_21-46-21
2026-07-05_21-46-23,33,main.go:2026-07-05_21-46-21
2026-07-05_21-50-05,66,main.go:2026-07-05_21-50-05
2026-07-05_21-52-02,66,main.go:2026-07-05_21-52-02
2026-07-05_21-55-24,0,main.go:2026-07-05_21-55-24
2026-07-05_21-55-49,100,main.go:2026-07-05_21-55-49
2026-07-05_21-57-46,100,main.go:2026-07-05_21-57-46
