2026-03-14_20-10-18,0,draft.go:2026-03-14_20-10-18
2026-03-14_20-13-29,0,draft.go:2026-03-14_20-10-18
2026-03-14_20-14-18,0,draft.go:2026-03-14_20-14-18
2026-03-14_20-14-25,0,draft.go:2026-03-14_20-14-18
2026-03-14_20-14-39,0,draft.go:2026-03-14_20-14-39
2026-03-14_20-14-51,---,draft.go:2026-03-14_20-14-39
2026-03-14_20-15-17,0,draft.go:2026-03-14_20-15-17
2026-03-14_20-15-46,0,draft.go:2026-03-14_20-15-17
2026-03-14_20-16-06,0,draft.go:2026-03-14_20-16-06
2026-03-14_20-17-17,0,draft.go:2026-03-14_20-17-17
2026-03-14_20-17-30,0,draft.go:2026-03-14_20-17-30
2026-03-14_20-17-43,0,draft.go:2026-03-14_20-17-43
2026-03-14_20-18-39,0,draft.go:2026-03-14_20-18-39
2026-03-14_20-18-48,0,draft.go:2026-03-14_20-18-39
2026-03-14_20-18-53,100,draft.go:2026-03-14_20-18-53
