2026-06-21_11-37-01,0,main.go:2026-06-21_11-37-01;queue.go:2026-06-21_11-37-01
2026-06-21_11-38-53,0,main.go:2026-06-21_11-38-53;queue.go:2026-06-21_11-37-01
2026-06-21_11-43-51,0,main.go:2026-06-21_11-43-51;queue.go:2026-06-21_11-37-01
2026-06-21_11-49-25,0,main.go:2026-06-21_11-49-25;queue.go:2026-06-21_11-37-01
2026-06-21_11-56-05,0,main.go:2026-06-21_11-56-05;queue.go:2026-06-21_11-37-01
2026-06-21_12-01-31,0,main.go:2026-06-21_12-01-31;queue.go:2026-06-21_11-37-01
2026-06-21_12-02-34,0,main.go:2026-06-21_12-02-34;queue.go:2026-06-21_11-37-01
2026-06-21_12-06-50,0,main.go:2026-06-21_12-06-50;queue.go:2026-06-21_11-37-01
2026-06-21_12-07-04,0,main.go:2026-06-21_12-07-04;queue.go:2026-06-21_11-37-01
2026-06-21_12-08-29,25,main.go:2026-06-21_12-08-29;queue.go:2026-06-21_11-37-01
2026-06-21_12-11-17,50,main.go:2026-06-21_12-11-17;queue.go:2026-06-21_11-37-01
2026-06-21_12-13-23,100,main.go:2026-06-21_12-13-23;queue.go:2026-06-21_11-37-01
2026-06-21_12-15-35,0,main.go:2026-06-21_12-15-35;queue.go:2026-06-21_11-37-01
2026-06-21_12-16-30,100,main.go:2026-06-21_12-16-30;queue.go:2026-06-21_11-37-01
